{
    "train_loss": [
        153.86610412597656,
        63.522544860839844,
        11.75899600982666,
        6.877306938171387,
        3.0881507396698,
        0.17245569825172424,
        0.013708257116377354,
        0.054613012820482254,
        0.24541603028774261,
        0.23766706883907318,
        0.004280976951122284,
        3.4572346210479736,
        0.011931485496461391,
        2.4725208282470703,
        0.006730268709361553,
        0.0,
        0.0,
        0.0,
        3.5762745937972795e-06,
        2.3841855067985307e-07,
        0.0,
        5.0067783377016895e-06,
        3.576278118089249e-07,
        5.960462772236497e-07,
        0.00012563940254040062,
        2.408004002063535e-05,
        4.887464456260204e-05,
        0.003372583771124482,
        5.960462772236497e-07,
        7.271752110682428e-06,
        0.002603750443086028,
        0.0008552002836950123,
        0.00015686826372984797,
        0.0001227782340720296,
        0.012426622211933136,
        0.0003290840541012585,
        0.037689972668886185,
        0.00014053787162993103,
        0.0,
        1.1920928244535389e-07,
        0.0,
        0.0,
        1.311301275563892e-06,
        0.0,
        0.0,
        0.0,
        0.0,
        0.0,
        0.0,
        0.0,
        3.6954811548639555e-06,
        0.0,
        0.0,
        0.0,
        8.344646857949556e-07,
        6.4490144723095e-05,
        1.4305104514278355e-06,
        0.0,
        0.0,
        0.0,
        2.6702524337451905e-05,
        1.1920928244535389e-07,
        0.0,
        0.0,
        0.0,
        0.0,
        0.0,
        0.0,
        0.0,
        0.0,
        0.0,
        4.410734163684538e-06,
        0.0,
        8.344647994817933e-07,
        7.152555099310121e-07,
        1.9073304429184645e-05,
        1.1920928244535389e-07,
        2.50339189733495e-06,
        2.13382354559144e-05,
        0.0,
        0.0,
        0.0,
        2.3364747903542593e-05,
        2.3841855067985307e-07,
        0.0,
        0.0,
        0.0,
        0.0,
        0.0,
        0.0,
        7.152555099310121e-07,
        0.0,
        0.0,
        0.0,
        0.0,
        1.311301275563892e-06,
        0.0,
        0.0,
        0.0,
        0.0
    ],
    "train_acc": [
        0.0,
        0.2,
        0.95,
        0.85,
        0.95,
        1.0,
        1.0,
        1.0,
        1.0,
        1.0,
        1.0,
        0.95,
        1.0,
        0.95,
        1.0,
        1.0,
        1.0,
        1.0,
        1.0,
        1.0,
        1.0,
        1.0,
        1.0,
        1.0,
        1.0,
        1.0,
        1.0,
        1.0,
        1.0,
        1.0,
        1.0,
        1.0,
        1.0,
        1.0,
        1.0,
        1.0,
        1.0,
        1.0,
        1.0,
        1.0,
        1.0,
        1.0,
        1.0,
        1.0,
        1.0,
        1.0,
        1.0,
        1.0,
        1.0,
        1.0,
        1.0,
        1.0,
        1.0,
        1.0,
        1.0,
        1.0,
        1.0,
        1.0,
        1.0,
        1.0,
        1.0,
        1.0,
        1.0,
        1.0,
        1.0,
        1.0,
        1.0,
        1.0,
        1.0,
        1.0,
        1.0,
        1.0,
        1.0,
        1.0,
        1.0,
        1.0,
        1.0,
        1.0,
        1.0,
        1.0,
        1.0,
        1.0,
        1.0,
        1.0,
        1.0,
        1.0,
        1.0,
        1.0,
        1.0,
        1.0,
        1.0,
        1.0,
        1.0,
        1.0,
        1.0,
        1.0,
        1.0,
        1.0,
        1.0,
        1.0
    ],
    "test_loss": [
        20.166967391967773,
        6.488224029541016,
        11.19344425201416,
        1.4406993389129639,
        5.680965423583984,
        12.174774169921875,
        20.338985443115234,
        32.17401123046875,
        31.004505157470703,
        8.590658187866211,
        0.0020477143116295338,
        38.904327392578125,
        86.16133117675781,
        83.53600311279297,
        79.85304260253906,
        75.88922119140625,
        71.86007690429688,
        67.96141052246094,
        64.20803833007812,
        60.76861572265625,
        57.581390380859375,
        54.78297424316406,
        52.18736267089844,
        49.77790832519531,
        47.86749267578125,
        46.32270812988281,
        45.06977844238281,
        44.47871398925781,
        43.96380615234375,
        43.577911376953125,
        44.27827453613281,
        45.45361328125,
        46.75932312011719,
        48.14347839355469,
        51.821624755859375,
        55.35557556152344,
        64.35003662109375,
        72.81376647949219,
        80.72097778320312,
        88.05949401855469,
        94.87739562988281,
        101.13517761230469,
        107.00929260253906,
        112.45208740234375,
        117.49372863769531,
        122.1104736328125,
        126.38972473144531,
        130.3169403076172,
        133.90924072265625,
        137.20391845703125,
        140.27748107910156,
        143.06298828125,
        145.61009216308594,
        147.97500610351562,
        150.1439208984375,
        151.80343627929688,
        153.24461364746094,
        154.52313232421875,
        155.64593505859375,
        156.61373901367188,
        157.13198852539062,
        157.57785034179688,
        157.96292114257812,
        158.2784881591797,
        158.54405212402344,
        158.77679443359375,
        158.97898864746094,
        159.147705078125,
        159.29302978515625,
        159.45162963867188,
        159.5445098876953,
        159.42587280273438,
        159.29803466796875,
        159.1322021484375,
        158.8872833251953,
        158.39581298828125,
        157.91238403320312,
        157.24798583984375,
        156.3614501953125,
        155.47984313964844,
        154.63827514648438,
        153.8513946533203,
        152.4896240234375,
        151.21124267578125,
        150.02053833007812,
        148.92689514160156,
        147.9132843017578,
        146.96502685546875,
        146.086669921875,
        145.29730224609375,
        144.5001220703125,
        143.783447265625,
        143.12841796875,
        142.52691650390625,
        141.97457885742188,
        141.40170288085938,
        140.87811279296875,
        140.38751220703125,
        139.96734619140625,
        139.5658721923828
    ],